{
  "operationConfig" : {
    "name" : "createevent9444",
    "type" : "MappedToBackend",
    "cachable" : false,
    "smsEnabled" : false,
    "security" : "authorized_app_user",
    "responseEncoding" : "UTF-8",
    "httpMethod" : "GET",
    "decodeResponseBody" : false,
    "referencingEndpoint" : "default",
    "applyCommonMapping" : true,
    "applyRequestCommonMapping" : true,
    "applyResponseCommonMapping" : true,
    "opcode" : "create",
    "relationshipHierarchyMapping" : {
      "children" : [ {
        "children" : [ ],
        "name" : "event_banners",
        "actions" : {
          "create" : true,
          "update" : true,
          "partialupdate" : true
        },
        "selected" : true
      }, {
        "children" : [ ],
        "name" : "event_images",
        "actions" : {
          "create" : true,
          "update" : true,
          "partialupdate" : true
        },
        "selected" : true
      }, {
        "children" : [ ],
        "name" : "event_metrics",
        "actions" : {
          "create" : true,
          "update" : true,
          "partialupdate" : true
        },
        "selected" : true
      }, {
        "children" : [ ],
        "name" : "event_registration",
        "actions" : {
          "create" : true,
          "update" : true,
          "partialupdate" : true
        },
        "selected" : true
      }, {
        "children" : [ ],
        "name" : "event_sessions",
        "actions" : {
          "create" : true,
          "update" : true,
          "partialupdate" : true
        },
        "selected" : true
      }, {
        "children" : [ ],
        "name" : "location",
        "actions" : {
          "create" : true,
          "update" : true,
          "partialupdate" : true
        },
        "selected" : true
      }, {
        "children" : [ ],
        "name" : "presenter",
        "actions" : {
          "create" : true,
          "update" : true,
          "partialupdate" : true
        },
        "selected" : true
      } ],
      "name" : "event",
      "actions" : {
        "create" : true,
        "update" : true,
        "partialupdate" : true
      },
      "selected" : true
    },
    "requestXmlMappingOverride" : false,
    "responseXmlMappingOverride" : false
  }
}