{
  "operationConfig" : {
    "name" : "deleteevent1037",
    "type" : "MappedToBackend",
    "cachable" : false,
    "smsEnabled" : false,
    "security" : "public",
    "responseEncoding" : "UTF-8",
    "httpMethod" : "GET",
    "decodeResponseBody" : false,
    "referencingEndpoint" : "default",
    "applyCommonMapping" : true,
    "applyRequestCommonMapping" : true,
    "applyResponseCommonMapping" : true,
    "opcode" : "delete",
    "relationshipHierarchyMapping" : {
      "children" : [ {
        "children" : [ ],
        "name" : "event_banners",
        "actions" : {
          "delete" : true
        },
        "selected" : false
      }, {
        "children" : [ ],
        "name" : "event_images",
        "actions" : {
          "delete" : true
        },
        "selected" : false
      }, {
        "children" : [ ],
        "name" : "event_metrics",
        "actions" : {
          "delete" : true
        },
        "selected" : false
      }, {
        "children" : [ ],
        "name" : "event_registration",
        "actions" : {
          "delete" : true
        },
        "selected" : false
      }, {
        "children" : [ ],
        "name" : "event_sessions",
        "actions" : {
          "delete" : true
        },
        "selected" : false
      }, {
        "children" : [ ],
        "name" : "location",
        "actions" : {
          "delete" : true
        },
        "selected" : false
      }, {
        "children" : [ ],
        "name" : "presenter",
        "actions" : {
          "delete" : true
        },
        "selected" : false
      } ],
      "name" : "event",
      "actions" : {
        "delete" : true
      },
      "selected" : true
    },
    "requestXmlMappingOverride" : false,
    "responseXmlMappingOverride" : false
  }
}