[ {
  "entityTypeId" : "db685f2b-d446-4eae-88d3-525dad92a3a3",
  "id" : "64e7345a-14eb-48e2-81e7-45dad8ae14b0",
  "name" : "CreatedBy",
  "dataType" : "string",
  "hasIndex" : false,
  "unique" : false,
  "primarykey" : false,
  "namefield" : false,
  "nullable" : true,
  "custom" : true,
  "createable" : true,
  "updateable" : true,
  "audit" : false,
  "customizable" : false,
  "fieldLength" : 32,
  "fieldOrder" : 0,
  "fieldProperties" : {
    "standard" : "true",
    "autoGenerated" : "false",
    "isUpdateTimeStampField" : "false",
    "isSoftDeleteField" : "false"
  }
}, {
  "entityTypeId" : "db685f2b-d446-4eae-88d3-525dad92a3a3",
  "id" : "7bba4a01-1c0b-4d75-a24f-a67ffbb2ab13",
  "name" : "CreatedDateTime",
  "dataType" : "date",
  "hasIndex" : false,
  "unique" : false,
  "primarykey" : false,
  "namefield" : false,
  "nullable" : false,
  "custom" : true,
  "createable" : true,
  "updateable" : true,
  "audit" : false,
  "customizable" : false,
  "fieldLength" : 32,
  "fieldOrder" : 0,
  "fieldProperties" : {
    "standard" : "true",
    "autoGenerated" : "false",
    "isUpdateTimeStampField" : "false",
    "isSoftDeleteField" : "false"
  }
}, {
  "entityTypeId" : "db685f2b-d446-4eae-88d3-525dad92a3a3",
  "id" : "d55d5891-3a28-4284-9591-cb950d9592b7",
  "name" : "event_id",
  "sourceFieldname" : "event_id",
  "description" : "event_id",
  "dataType" : "number",
  "hasIndex" : false,
  "unique" : false,
  "primarykey" : false,
  "namefield" : false,
  "nullable" : false,
  "custom" : false,
  "createable" : true,
  "updateable" : true,
  "audit" : false,
  "customizable" : false,
  "fieldLength" : 10,
  "precision" : 0,
  "fieldOrder" : 0,
  "fieldProperties" : {
    "autoGenerated" : "false"
  }
}, {
  "entityTypeId" : "db685f2b-d446-4eae-88d3-525dad92a3a3",
  "id" : "4f83e767-c681-4947-862b-9ed3cbf11055",
  "name" : "event_image_id",
  "sourceFieldname" : "event_image_id",
  "description" : "event_image_id",
  "dataType" : "number",
  "hasIndex" : false,
  "unique" : false,
  "primarykey" : true,
  "namefield" : false,
  "nullable" : false,
  "custom" : false,
  "createable" : false,
  "updateable" : false,
  "audit" : false,
  "customizable" : false,
  "fieldLength" : 10,
  "precision" : 0,
  "fieldOrder" : 0,
  "fieldProperties" : {
    "autoGenerated" : "true"
  }
}, {
  "entityTypeId" : "db685f2b-d446-4eae-88d3-525dad92a3a3",
  "id" : "518de463-c5f3-4eed-8d2c-bd1a588c2533",
  "name" : "image_url",
  "sourceFieldname" : "image_url",
  "description" : "image_url",
  "dataType" : "string",
  "hasIndex" : false,
  "unique" : false,
  "primarykey" : false,
  "namefield" : false,
  "nullable" : true,
  "custom" : false,
  "createable" : true,
  "updateable" : true,
  "audit" : false,
  "customizable" : false,
  "fieldLength" : 256,
  "precision" : 0,
  "fieldOrder" : 0,
  "fieldProperties" : {
    "autoGenerated" : "false"
  }
}, {
  "entityTypeId" : "db685f2b-d446-4eae-88d3-525dad92a3a3",
  "id" : "f53fa522-9bca-46cd-986b-50027cfcbf0d",
  "name" : "img_name",
  "sourceFieldname" : "img_name",
  "description" : "img_name",
  "dataType" : "string",
  "hasIndex" : false,
  "unique" : false,
  "primarykey" : false,
  "namefield" : false,
  "nullable" : true,
  "custom" : false,
  "createable" : true,
  "updateable" : true,
  "audit" : false,
  "customizable" : false,
  "fieldLength" : 200,
  "precision" : 0,
  "fieldOrder" : 0,
  "fieldProperties" : {
    "autoGenerated" : "false"
  }
}, {
  "entityTypeId" : "db685f2b-d446-4eae-88d3-525dad92a3a3",
  "id" : "cf11be36-adbf-44fd-804c-c12668cdeb74",
  "name" : "LastUpdatedBy",
  "dataType" : "string",
  "hasIndex" : false,
  "unique" : false,
  "primarykey" : false,
  "namefield" : false,
  "nullable" : true,
  "custom" : true,
  "createable" : true,
  "updateable" : true,
  "audit" : false,
  "customizable" : false,
  "fieldLength" : 32,
  "fieldOrder" : 0,
  "fieldProperties" : {
    "standard" : "true",
    "autoGenerated" : "false",
    "isUpdateTimeStampField" : "false",
    "isSoftDeleteField" : "false"
  }
}, {
  "entityTypeId" : "db685f2b-d446-4eae-88d3-525dad92a3a3",
  "id" : "0b33ff0c-19d5-4328-a12f-a9c435f86b7e",
  "name" : "LastUpdatedDateTime",
  "dataType" : "date",
  "hasIndex" : false,
  "unique" : false,
  "primarykey" : false,
  "namefield" : false,
  "nullable" : false,
  "custom" : true,
  "createable" : true,
  "updateable" : true,
  "audit" : false,
  "customizable" : false,
  "fieldLength" : 32,
  "fieldOrder" : 0,
  "fieldProperties" : {
    "standard" : "true",
    "autoGenerated" : "false",
    "isUpdateTimeStampField" : "true",
    "isSoftDeleteField" : "false",
    "timeStampFieldFormat" : "yyyy-MM-dd'T'HH:mm:ss.SSS"
  }
}, {
  "entityTypeId" : "db685f2b-d446-4eae-88d3-525dad92a3a3",
  "id" : "4eb7105e-6258-41b0-bbaa-a221b0142c7a",
  "name" : "SoftDeleteFlag",
  "dataType" : "boolean",
  "hasIndex" : false,
  "unique" : false,
  "primarykey" : false,
  "namefield" : false,
  "nullable" : true,
  "custom" : true,
  "createable" : true,
  "updateable" : true,
  "audit" : false,
  "customizable" : false,
  "fieldLength" : 1,
  "fieldOrder" : 0,
  "fieldProperties" : {
    "standard" : "true",
    "autoGenerated" : "false",
    "isUpdateTimeStampField" : "false",
    "isSoftDeleteField" : "true"
  }
} ]