<?xml version="1.0" encoding="UTF-8" standalone="yes"?>
<service serviceGroup="" cachable="false" cacheduration="" endpoint="" groupType="" id="getAllEventDetail" passwordencrypted="" security="public" type="CompositeConnector" smscode="" smsenabled="false">
    <service-config>
        <config-param api-version="" appid="" name="exec_type" value="Concurrent"/>
        <config-param api-version="" appid="" name="postprocessorname" value=""/>
        <config-param api-version="" appid="" name="postprocessorJS" value=""/>
        <config-param api-version="" appid="" name="kony_http_supported_methods" value="POST"/>
        <config-param api-version="1.0" appid="EventsSOS" name="service" value="event_images/get"/>
        <config-param api-version="1.0" appid="EventsSOS" name="service" value="event_type/get"/>
        <config-param api-version="1.0" appid="EventsSOS" name="service" value="event/get"/>
        <config-param api-version="1.0" appid="EventsSOS" name="service" value="event_category/get"/>
        <config-param api-version="1.0" appid="EventsSOS" name="service" value="event_registration/get"/>
        <config-param api-version="1.0" appid="EventsSOS" name="service" value="location/get"/>
        <config-param api-version="1.0" appid="EventsSOS" name="service" value="event_banners/get"/>
        <config-param api-version="1.0" appid="EventsSOS" name="service" value="presenter/get"/>
        <config-param api-version="1.0" appid="EventsSOS" name="service" value="users/get"/>
        <config-param api-version="1.0" appid="EventsSOS" name="service" value="event_sessions/get"/>
    </service-config>
    <service-input passthrough="false"/>
    <service-output passthrough="false"/>
</service>
