[ {
  "sourceObject" : "event",
  "targetObject" : "event_banners",
  "relationshipKeys" : [ {
    "sourceField" : "event_id",
    "targetField" : "event_id"
  } ],
  "name" : "event_event_banners",
  "type" : "OneToMany",
  "custom" : false,
  "cascadeDelete" : true
}, {
  "sourceObject" : "event",
  "targetObject" : "event_images",
  "relationshipKeys" : [ {
    "sourceField" : "event_id",
    "targetField" : "event_id"
  } ],
  "name" : "event_event_images",
  "type" : "OneToMany",
  "custom" : false,
  "cascadeDelete" : true
}, {
  "sourceObject" : "event",
  "targetObject" : "event_metrics",
  "relationshipKeys" : [ {
    "sourceField" : "event_id",
    "targetField" : "event_id"
  } ],
  "name" : "event_event_metrics",
  "type" : "OneToMany",
  "custom" : false,
  "cascadeDelete" : true
}, {
  "sourceObject" : "event",
  "targetObject" : "event_registration",
  "relationshipKeys" : [ {
    "sourceField" : "event_id",
    "targetField" : "event_id"
  } ],
  "name" : "event_event_registration",
  "type" : "OneToMany",
  "custom" : false,
  "cascadeDelete" : true
}, {
  "sourceObject" : "event",
  "targetObject" : "event_sessions",
  "relationshipKeys" : [ {
    "sourceField" : "event_id",
    "targetField" : "event_id"
  } ],
  "name" : "event_event_sessions",
  "type" : "OneToMany",
  "custom" : false,
  "cascadeDelete" : false
}, {
  "sourceObject" : "event",
  "targetObject" : "location",
  "relationshipKeys" : [ {
    "sourceField" : "event_id",
    "targetField" : "event_id"
  } ],
  "name" : "event_location",
  "type" : "OneToMany",
  "custom" : false,
  "cascadeDelete" : true
}, {
  "sourceObject" : "event",
  "targetObject" : "presenter",
  "relationshipKeys" : [ {
    "sourceField" : "event_id",
    "targetField" : "event_id"
  } ],
  "name" : "event_presenter",
  "type" : "OneToMany",
  "custom" : false,
  "cascadeDelete" : true
} ]