"CreatedBy","CreatedDateTime","event_id","event_image_id","image_url","img_name","LastUpdatedBy","LastUpdatedDateTime","SoftDeleteFlag"
"admin","31-May-2018 06:18:15","2","1","https://app.box.com/shared/static/dlckxc9fxe2nit9e7iuv46oog8xblh6o.jpg","q2.jpg","admin","31-May-2018 06:18:15",""
"admin","31-May-2018 06:18:15","2","2","https://app.box.com/shared/static/bnqt3svv39xyj0bfsntapf12qwcuzg7l.jpg","q5.jpg","admin","31-May-2018 06:18:15",""
"admin","31-May-2018 06:18:16","2","3","https://app.box.com/shared/static/d4zdxnk7wu5riawv78ix9yk06yxl5y6b.jpg","q3.jpg","admin","31-May-2018 06:18:16",""
"admin","31-May-2018 06:18:16","2","4","https://app.box.com/shared/static/ykjpxht9kvqnmmrjfj75jaaaoo531zez.jpg","q4.jpg","admin","31-May-2018 06:18:16",""
"admin","01-Jun-2018 09:01:27","2","5","https://app.box.com/shared/static/dlckxc9fxe2nit9e7iuv46oog8xblh6o.jpg","q3.jpg","admin","01-Jun-2018 09:01:27",""
"admin","26-Jun-2018 11:26:15","3","6","https://app.box.com/shared/static/es6dy61m1hsk1cp3wb9q7i8oukbvvk77.jpg","all-hands-meeting.jpg","admin","26-Jun-2018 11:26:15",""
"admin","26-Jun-2018 11:26:15","3","7","https://app.box.com/shared/static/ts2l0lza1guh1cvsljsylcf90c58ovz2.png","penguin-icon.png","admin","26-Jun-2018 11:26:15",""
"admin","26-Jun-2018 11:26:16","3","8","https://app.box.com/shared/static/9gu09dlkxyfs2ulb1zo8vfkm94hto623.png","profilepic.png","admin","26-Jun-2018 11:26:16",""
