"CreatedBy","CreatedDateTime","event_id","event_session_id","LastUpdatedBy","LastUpdatedDateTime","session_desc","session_end_date","session_name","session_start_date","SoftDeleteFlag"
"admin","30-May-2018 12:33:10","2","1","admin","01-Jun-2018 06:23:32","Welcome note and agenda about the All hands","02-Jun-2018 15:00:00","Welcome Note","02-Jun-2018 14:30:00","false"
"admin","06-Jun-2018 09:14:39","2","2","admin","06-Jun-2018 09:14:39","Brief discussion on Quarterly product performance","02-Jun-2018 15:30:00","Quarterly Product Report","02-Jun-2018 15:00:00",""
"admin","06-Jun-2018 09:14:40","2","3","admin","06-Jun-2018 09:14:40","Brief discussion on Quarterly sales highlights","02-Jun-2018 16:00:00","Quarterly Sales Report","02-Jun-2018 15:30:00",""
"admin","06-Jun-2018 09:14:40","2","4","admin","06-Jun-2018 09:14:40","An insight into next Quarters theme","02-Jun-2018 16:30:00","Next Quarter Summary","02-Jun-2018 16:00:00",""
"admin","06-Jun-2018 09:15:16","2","5","admin","06-Jun-2018 09:15:16","Brief discussion on Quarterly product performance","02-Jun-2018 15:30:00","Quarterly Product Report","02-Jun-2018 15:00:00",""
"admin","06-Jun-2018 09:15:17","2","6","admin","06-Jun-2018 09:15:17","Brief discussion on Quarterly sales highlights","02-Jun-2018 16:00:00","Quarterly Sales Report","02-Jun-2018 15:30:00",""
"admin","06-Jun-2018 09:15:18","2","7","admin","06-Jun-2018 09:15:18","An insight into next Quarters theme","02-Jun-2018 16:30:00","Next Quarter Summary","02-Jun-2018 16:00:00",""
"admin","06-Jun-2018 09:25:49","3","8","admin","09-Jul-2018 06:57:20","Brief discussion on Quarterly product performance","08-Aug-2018 15:30:00","Welcome Note ","08-Aug-2018 15:00:00","false"
"admin","06-Jun-2018 09:25:50","3","9","admin","09-Jul-2018 06:57:21","Brief discussion on Quarterly product performance","08-Aug-2018 16:00:00","Quarterly Product Report","08-Aug-2018 15:30:00","false"
"admin","06-Jun-2018 09:25:51","3","10","admin","09-Jul-2018 06:57:21","Brief discussion on Quarterly sales highlights","08-Aug-2018 16:30:00","Quarterly Sales Report","08-Aug-2018 16:00:00","false"
"admin","06-Jun-2018 09:25:52","3","11","admin","09-Jul-2018 06:57:22","An insight into next Quarters theme","08-Aug-2018 17:00:00","Next Quarter Summary","08-Aug-2018 16:30:00","false"
"admin","06-Jun-2018 09:28:15","3","12","admin","09-Jul-2018 06:57:22","Open for discussions","08-Aug-2018 17:30:00","Question and Answers","08-Aug-2018 17:00:00","false"
"admin","06-Jun-2018 11:06:03","3","13","admin","09-Jul-2018 06:57:23","Gather around for a lavish dinner with the colleagues.","08-Aug-2018 22:00:00","Dinner","08-Aug-2018 18:00:00","false"
"admin","07-Jun-2018 10:56:23","4","14","admin","09-Jul-2018 06:58:00","V8 SP2 is packed with features. Join this webinar to learn all about it. ","18-Jul-2018 20:30:00","V8 SP2 Webinar","18-Jul-2018 18:30:00","false"
"admin","07-Jun-2018 11:24:03","5","15","admin","09-Jul-2018 06:58:20","This session will introduce NFI and provide an insight into its usage.","20-Jul-2018 19:00:00","NFI","20-Jul-2018 18:30:00","false"
"admin","07-Jun-2018 11:24:04","5","16","admin","09-Jul-2018 06:58:21","This session will introduce FFI and provide an insight into its usage.","20-Jul-2018 19:30:00","FFI","20-Jul-2018 19:00:00","false"
"admin","07-Jun-2018 11:24:04","5","17","admin","09-Jul-2018 06:58:21","This session will cover the need for NFI/FFI, which one to choose, which one is better and sample use cases.","20-Jul-2018 20:00:00","FFI vs NFI","20-Jul-2018 19:30:00","false"
"admin","07-Jun-2018 11:24:05","5","18","admin","09-Jul-2018 06:58:21","This session will cover your posted question during/before webinar.","20-Jul-2018 20:30:00","Question and Answer","20-Jul-2018 20:00:00","false"
"admin","25-Jun-2018 11:18:08","8","19","admin","09-Jul-2018 06:59:16","","26-Jul-2018 11:00:00","8.2 Features in Kony Payments","26-Jul-2018 10:00:00","false"
"admin","26-Jun-2018 04:49:37","9","20","admin","26-Jun-2018 04:49:37","","27-Jun-2018 13:00:00","test session","27-Jun-2018 12:00:00",""
"admin","26-Jun-2018 05:34:18","9","21","admin","26-Jun-2018 05:34:18","","28-Jun-2018 04:00:00","session2","28-Jun-2018 03:00:00",""
