"addressLine1","cityname","CreatedBy","CreatedDateTime","event_id","LastUpdatedBy","LastUpdatedDateTime","latitude","location","location_id","longitude","SoftDeleteFlag"
"Novotel","Hyderabad","admin","30-May-2018 12:29:48","1","admin","30-May-2018 12:29:48","17.4728353","HICC","1","78.37279869999999",""
"Novotel & Trident","Hyderabad","admin","30-May-2018 12:33:09","2","admin","08-Jun-2018 13:22:45","17.4728353","HICC","2","78.37279869999999","false"
"Novotel","Hyderabad","admin","06-Jun-2018 09:25:48","3","admin","06-Jun-2018 09:25:48","17.4728353","HICC","3","78.37279869999999",""
"","","admin","07-Jun-2018 10:52:38","4","admin""","07-Jun-2018 10:52:38","","https://kony.webex.com/mw3300/mywebex/","4","",""
"","","admin","07-Jun-2018 11:24:01","5","admin","07-Jun-2018 11:24:01","","https://kony.webex.com/mw3300/mywebex/","5","",""
"Amman","Jordan ","admin","07-Jun-2018 12:31:51","6","admin","07-Jun-2018 12:31:51","31.9453666","","6","35.9283716",""
"","","admin","07-Jun-2018 12:38:14","7","admin","07-Jun-2018 12:38:14","","http://hackathon-v8.dotcom.kony.com/","7","",""
"Hitech city","Hyderabad","admin","25-Jun-2018 11:18:06","8","admin","25-Jun-2018 11:18:06","17.4478531","Kony India Pvt Ltd, Phoenix Infocity","8","78.37137229999999",""
"","","admin","26-Jun-2018 04:49:36","9","admin","26-Jun-2018 04:49:36","","testdeatils","9","",""
