"CreatedBy","CreatedDateTime","designation","event_id","LastUpdatedBy","LastUpdatedDateTime","linkedin_link","name","presenter_id","profile_url","session_id","SoftDeleteFlag"
"admin","30-May-2018 12:33:10","CEO, Acme","2","admin","06-Jun-2018 09:14:37","","Alex Sion","1","","1","false"
"admin","06-Jun-2018 09:14:39","Chief of Products, Acme","2","admin","06-Jun-2018 09:14:39","","Ben	Cortez","2","","2",""
"admin","06-Jun-2018 09:14:40","Chief of Sales, Acme","2","admin","06-Jun-2018 09:14:40","","Dan	Marous","3","","3",""
"admin","06-Jun-2018 09:14:41","CEO, Acme","2","admin","06-Jun-2018 09:14:41","","Alex Sion","4","","4",""
"admin","06-Jun-2018 09:15:17","Chief of Products, Acme","2","admin","06-Jun-2018 09:15:17","","Ben	Cortez","5","","5",""
"admin","06-Jun-2018 09:15:18","Chief of Sales, Acme","2","admin","06-Jun-2018 09:15:18","","Dan	Marous","6","","6",""
"admin","06-Jun-2018 09:15:19","CEO, Acme","2","admin","06-Jun-2018 09:15:19","","Alex Sion","7","","7",""
"admin","06-Jun-2018 09:25:50","CEO, Acme","3","admin","06-Jun-2018 09:25:50","","Alex Sion ","8","","8",""
"admin","06-Jun-2018 09:25:51","Chief of Products, Acme","3","admin","06-Jun-2018 09:25:51","","Ben	Cortez ","9","","9",""
"admin","06-Jun-2018 09:25:51","Chief of Sales, Acme","3","admin","06-Jun-2018 09:25:51","","Dan	Marous","10","","10",""
"admin","06-Jun-2018 09:25:53","CEO, Acme","3","admin","06-Jun-2018 09:25:53","","Alex Sion","11","","11",""
"admin","06-Jun-2018 09:28:16","CEO, Acme","3","admin","06-Jun-2018 09:28:16","","Alex Sion","12","","12",""
"admin","06-Jun-2018 11:06:02","Chief of Products, Acme","3","admin","06-Jun-2018 11:06:02","","Ben	Cortez ","13","","8",""
"admin","06-Jun-2018 11:06:02","CEO, Acme","3","admin","06-Jun-2018 11:06:02","","Alex Sion","14","","10",""
"admin","06-Jun-2018 11:06:02","Chief of Sales, Acme","3","admin","06-Jun-2018 11:06:02","","Dan	Marous","15","","12",""
"admin","07-Jun-2018 10:56:23","Senior Director, Product and Management","4","admin","08-Jun-2018 11:30:27","https://basecamp.kony.com/s/profile/0056A000001J3CiQAK","Faizan Khalidi","16","","14","false"
"admin","07-Jun-2018 10:56:25","Senior Director, Product Management","4","admin","07-Jun-2018 10:56:25","https://basecamp.kony.com/s/profile/0056A000001J3BlQAK","Suhas Bhat","17","","14",""
"admin","07-Jun-2018 11:24:03","Group Product Manager","5","admin","07-Jun-2018 11:24:03","https://basecamp.kony.com/s/profile/0056A000001J3TAQA0","Abhijeet Anand","18","","15",""
"admin","07-Jun-2018 11:24:04","Group Product Manager","5","admin","07-Jun-2018 11:24:04","https://basecamp.kony.com/s/profile/0056A000001J3TAQA0","Abhijeet Anand","19","","16",""
"admin","07-Jun-2018 11:24:05","Group Product Manager","5","admin","07-Jun-2018 11:24:05","https://basecamp.kony.com/s/profile/0056A000001J3TAQA0","Abhijeet Anand","20","","17",""
"admin","07-Jun-2018 11:24:06","Group Product Manager","5","admin","07-Jun-2018 11:24:06","https://basecamp.kony.com/s/profile/0056A000001J3TAQA0","Abhijeet Anand","21","","18",""
"admin","25-Jun-2018 11:18:08","SSE","8","admin","25-Jun-2018 11:18:08","","Farzana Shaik","22","","19",""
"admin","26-Jun-2018 04:49:37","des1","9","admin","26-Jun-2018 04:49:37","","test1","23","","20",""
"admin","26-Jun-2018 04:49:38","des2","9","admin","26-Jun-2018 04:49:38","","test2","24","","20",""
"admin","26-Jun-2018 04:49:38","des4","9","admin","26-Jun-2018 04:49:38","","test4","25","","20",""
"admin","26-Jun-2018 04:49:38","des3","9","admin","26-Jun-2018 04:49:38","","test3","26","","20",""
"admin","26-Jun-2018 05:34:18","des","9","admin","26-Jun-2018 05:34:18","","test","27","","21",""
