[ {
  "entityTypeId" : "d06a714a-2cc7-479f-87a9-8070a0c00e4f",
  "id" : "1c125c62-5aeb-4406-b3b4-d4e07fadb14e",
  "name" : "CreatedBy",
  "dataType" : "string",
  "hasIndex" : false,
  "unique" : false,
  "primarykey" : false,
  "namefield" : false,
  "nullable" : true,
  "custom" : true,
  "createable" : true,
  "updateable" : true,
  "audit" : false,
  "customizable" : false,
  "fieldLength" : 32,
  "fieldOrder" : 0,
  "fieldProperties" : {
    "standard" : "true",
    "autoGenerated" : "false",
    "isUpdateTimeStampField" : "false",
    "isSoftDeleteField" : "false"
  }
}, {
  "entityTypeId" : "d06a714a-2cc7-479f-87a9-8070a0c00e4f",
  "id" : "212bb815-8242-4cf3-aaef-72bc51d405b5",
  "name" : "CreatedDateTime",
  "dataType" : "date",
  "hasIndex" : false,
  "unique" : false,
  "primarykey" : false,
  "namefield" : false,
  "nullable" : false,
  "custom" : true,
  "createable" : true,
  "updateable" : true,
  "audit" : false,
  "customizable" : false,
  "fieldLength" : 32,
  "fieldOrder" : 0,
  "fieldProperties" : {
    "standard" : "true",
    "autoGenerated" : "false",
    "isUpdateTimeStampField" : "false",
    "isSoftDeleteField" : "false"
  }
}, {
  "entityTypeId" : "d06a714a-2cc7-479f-87a9-8070a0c00e4f",
  "id" : "eb0efd79-cb62-4243-ab5f-639daca1fdd7",
  "name" : "event_id",
  "sourceFieldname" : "event_id",
  "description" : "event_id",
  "dataType" : "number",
  "hasIndex" : false,
  "unique" : false,
  "primarykey" : false,
  "namefield" : false,
  "nullable" : false,
  "custom" : false,
  "createable" : true,
  "updateable" : true,
  "audit" : false,
  "customizable" : false,
  "fieldLength" : 10,
  "precision" : 0,
  "fieldOrder" : 0,
  "fieldProperties" : {
    "autoGenerated" : "false"
  }
}, {
  "entityTypeId" : "d06a714a-2cc7-479f-87a9-8070a0c00e4f",
  "id" : "155a46ff-c97b-40fb-b4c2-76dc50e845ec",
  "name" : "event_session_id",
  "sourceFieldname" : "event_session_id",
  "description" : "event_session_id",
  "dataType" : "number",
  "hasIndex" : false,
  "unique" : false,
  "primarykey" : true,
  "namefield" : false,
  "nullable" : false,
  "custom" : false,
  "createable" : false,
  "updateable" : false,
  "audit" : false,
  "customizable" : false,
  "fieldLength" : 10,
  "precision" : 0,
  "fieldOrder" : 0,
  "fieldProperties" : {
    "autoGenerated" : "true"
  }
}, {
  "entityTypeId" : "d06a714a-2cc7-479f-87a9-8070a0c00e4f",
  "id" : "8c69d51b-06b4-4374-b57a-bfaeafaa25f0",
  "name" : "LastUpdatedBy",
  "dataType" : "string",
  "hasIndex" : false,
  "unique" : false,
  "primarykey" : false,
  "namefield" : false,
  "nullable" : true,
  "custom" : true,
  "createable" : true,
  "updateable" : true,
  "audit" : false,
  "customizable" : false,
  "fieldLength" : 32,
  "fieldOrder" : 0,
  "fieldProperties" : {
    "standard" : "true",
    "autoGenerated" : "false",
    "isUpdateTimeStampField" : "false",
    "isSoftDeleteField" : "false"
  }
}, {
  "entityTypeId" : "d06a714a-2cc7-479f-87a9-8070a0c00e4f",
  "id" : "884204a2-2e42-4f05-a3d6-e534aa9562e2",
  "name" : "LastUpdatedDateTime",
  "dataType" : "date",
  "hasIndex" : false,
  "unique" : false,
  "primarykey" : false,
  "namefield" : false,
  "nullable" : false,
  "custom" : true,
  "createable" : true,
  "updateable" : true,
  "audit" : false,
  "customizable" : false,
  "fieldLength" : 32,
  "fieldOrder" : 0,
  "fieldProperties" : {
    "standard" : "true",
    "autoGenerated" : "false",
    "isUpdateTimeStampField" : "true",
    "isSoftDeleteField" : "false",
    "timeStampFieldFormat" : "yyyy-MM-dd'T'HH:mm:ss.SSS"
  }
}, {
  "entityTypeId" : "d06a714a-2cc7-479f-87a9-8070a0c00e4f",
  "id" : "e1fd2a14-1e19-46e8-822e-4faad4fc7871",
  "name" : "session_desc",
  "sourceFieldname" : "session_desc",
  "description" : "session_desc",
  "dataType" : "string",
  "hasIndex" : false,
  "unique" : false,
  "primarykey" : false,
  "namefield" : false,
  "nullable" : true,
  "custom" : false,
  "createable" : true,
  "updateable" : true,
  "audit" : false,
  "customizable" : false,
  "fieldLength" : 256,
  "precision" : 0,
  "fieldOrder" : 0,
  "fieldProperties" : {
    "autoGenerated" : "false"
  }
}, {
  "entityTypeId" : "d06a714a-2cc7-479f-87a9-8070a0c00e4f",
  "id" : "01f78433-68d1-4ce0-87f5-abfa061e86e1",
  "name" : "session_end_date",
  "sourceFieldname" : "session_end_date",
  "description" : "session_end_date",
  "dataType" : "date",
  "hasIndex" : false,
  "unique" : false,
  "primarykey" : false,
  "namefield" : false,
  "nullable" : true,
  "custom" : false,
  "createable" : true,
  "updateable" : true,
  "audit" : false,
  "customizable" : false,
  "fieldLength" : 19,
  "precision" : 0,
  "fieldOrder" : 0,
  "fieldProperties" : {
    "autoGenerated" : "false"
  }
}, {
  "entityTypeId" : "d06a714a-2cc7-479f-87a9-8070a0c00e4f",
  "id" : "56141fb9-269c-48a4-a504-cceea53d55f8",
  "name" : "session_name",
  "sourceFieldname" : "session_name",
  "description" : "session_name",
  "dataType" : "string",
  "hasIndex" : false,
  "unique" : false,
  "primarykey" : false,
  "namefield" : false,
  "nullable" : true,
  "custom" : false,
  "createable" : true,
  "updateable" : true,
  "audit" : false,
  "customizable" : false,
  "fieldLength" : 256,
  "precision" : 0,
  "fieldOrder" : 0,
  "fieldProperties" : {
    "autoGenerated" : "false"
  }
}, {
  "entityTypeId" : "d06a714a-2cc7-479f-87a9-8070a0c00e4f",
  "id" : "f8fd5858-0d1b-4dde-9264-e860f808ad7b",
  "name" : "session_start_date",
  "sourceFieldname" : "session_start_date",
  "description" : "session_start_date",
  "dataType" : "date",
  "hasIndex" : false,
  "unique" : false,
  "primarykey" : false,
  "namefield" : false,
  "nullable" : true,
  "custom" : false,
  "createable" : true,
  "updateable" : true,
  "audit" : false,
  "customizable" : false,
  "fieldLength" : 19,
  "precision" : 0,
  "fieldOrder" : 0,
  "fieldProperties" : {
    "autoGenerated" : "false"
  }
}, {
  "entityTypeId" : "d06a714a-2cc7-479f-87a9-8070a0c00e4f",
  "id" : "0f96641f-6180-4705-8fe7-9fb9c5168c1c",
  "name" : "SoftDeleteFlag",
  "dataType" : "boolean",
  "hasIndex" : false,
  "unique" : false,
  "primarykey" : false,
  "namefield" : false,
  "nullable" : true,
  "custom" : true,
  "createable" : true,
  "updateable" : true,
  "audit" : false,
  "customizable" : false,
  "fieldLength" : 1,
  "fieldOrder" : 0,
  "fieldProperties" : {
    "standard" : "true",
    "autoGenerated" : "false",
    "isUpdateTimeStampField" : "false",
    "isSoftDeleteField" : "true"
  }
} ]