"CreatedBy","CreatedDateTime","event_id","LastUpdatedBy","LastUpdatedDateTime","registration_id","SoftDeleteFlag","user_id"
"admin","31-May-2018 07:00:41","2","admin","31-May-2018 07:10:45","1","true","1"
"admin","01-Jun-2018 10:45:55","2","admin","01-Jun-2018 12:58:58","2","true","1"
"admin","01-Jun-2018 13:03:35","2","admin","01-Jun-2018 13:04:33","3","true","5"
"admin","01-Jun-2018 13:04:42","2","admin","01-Jun-2018 13:04:42","4","","5"
"admin","07-Jun-2018 13:12:01","4","admin","07-Jun-2018 13:12:01","5","","6"
"admin","08-Jun-2018 09:14:35","4","admin","08-Jun-2018 09:14:35","6","","5"
"admin","12-Jun-2018 09:52:12","6","admin","12-Jun-2018 09:52:12","7","","6"
