"CreatedBy","CreatedDateTime","event_id","event_image_id","image_url","img_name","LastUpdatedBy","LastUpdatedDateTime","SoftDeleteFlag"
"","'31-May-2018 06:18:15","2","1","https://app.box.com/shared/static/dlckxc9fxe2nit9e7iuv46oog8xblh6o.jpg","q2.jpg","","'31-May-2018 06:18:15",""
"","'31-May-2018 06:18:15","2","2","https://app.box.com/shared/static/bnqt3svv39xyj0bfsntapf12qwcuzg7l.jpg","q5.jpg","","'31-May-2018 06:18:15",""
"","'31-May-2018 06:18:16","2","3","https://app.box.com/shared/static/d4zdxnk7wu5riawv78ix9yk06yxl5y6b.jpg","q3.jpg","","'31-May-2018 06:18:16",""
"","'31-May-2018 06:18:16","2","4","https://app.box.com/shared/static/ykjpxht9kvqnmmrjfj75jaaaoo531zez.jpg","q4.jpg","","'31-May-2018 06:18:16",""
"","'01-Jun-2018 09:01:27","2","5","https://app.box.com/shared/static/dlckxc9fxe2nit9e7iuv46oog8xblh6o.jpg","q3.jpg","","'01-Jun-2018 09:01:27",""
