"banner_url","CreatedBy","CreatedDateTime","event_banner_id","event_id","img_name","LastUpdatedBy","LastUpdatedDateTime","SoftDeleteFlag"
"","admin","30-May-2018 12:29:48","1","1","","","30-May-2018 12:29:48",""
"https://app.box.com/shared/static/xcbbdwvdrmdnha2hkj04ruvbg9v631dj.jpg","","30-May-2018 12:33:09","2","2","quar.jpg","admin","31-May-2018 06:17:01","false"
"https://app.box.com/shared/static/bnqt3svv39xyj0bfsntapf12qwcuzg7l.jpg","admin","06-Jun-2018 09:25:49","3","3","q5.jpg","admin","06-Jun-2018 09:25:49",""
"https://app.box.com/shared/static/mrkxxmbzeglheli7q3xn8ftn4f9858ix.jpg","admin","07-Jun-2018 10:52:39","4","4","bootcamp.jpg","admin","07-Jun-2018 10:52:39",""
"https://app.box.com/shared/static/zj1jig8dbeg7xfedqoxa1cwq9leu481x.jpg","admin","07-Jun-2018 11:24:02","5","5","ff1.jpg","admin","07-Jun-2018 11:24:02",""
"https://app.box.com/shared/static/8a35pl0cribs0vtwd28axj2y9gai1cv6.png","admin","07-Jun-2018 12:31:52","6","6","Front_End_Developer.png","admin","07-Jun-2018 12:31:52",""
"https://app.box.com/shared/static/0p7wrhfrbdvrv96jqap9oxz4hcck4nbi.png","admin","07-Jun-2018 12:38:14","7","7","hack.png","admin","07-Jun-2018 12:38:14",""
