"CreatedBy","CreatedDateTime","end_date","event_category","event_id","event_type","isdisabled","LastUpdatedBy","LastUpdatedDateTime","long_desc","name","short_desc","SoftDeleteFlag","start_date"
"admin","30-May-2018 12:29:46","31-May-2018 17:30:00","5","1","2","0","admin","30-May-2018 12:30:00","Also, request you to have an early lunch tomorrow. Please note that the cafeteria will be closed by 1:30 PM.","All Hands Meeting","Let us meet on All hands","true","31-May-2018 14:30:00"
"admin","30-May-2018 12:33:08","05-Jun-2018 17:30:00","1","2","2","0","admin","06-Jun-2018 09:19:02","Also, request you to have an early lunch tomorrow. Please note that the cafeteria will be closed by 1:30 PM.","All Hands Meeting","Let us meet on all hands","true","02-Jun-2018 14:30:00"
"admin","06-Jun-2018 09:25:47","21-Jun-2018 22:00:00","5","3","2","0","admin","08-Jun-2018 16:22:00","Share important updates from each and functional area.Praise successes, highlight and achievements areas to improve","All Hands Meeting","Quarterly All Hands Meeting","false","21-Jun-2018 14:00:00"
"admin","07-Jun-2018 10:52:37","13-Jun-2018 22:30:00","4","4","1","0","admin","08-Jun-2018 11:29:18","his release brings together features to accelerate Web design and deployment, provide rich digital experiences, enhance developer productivity and develop comprehensive production and grade apps. ","Unpacking V8 SP2","Kony AppPlatform V8 Service Pack 2 introduces a new set of features and enhancements on Kony Visualizer and Kony Fabric.","false","13-Jun-2018 18:30:00"
"admin","07-Jun-2018 11:24:01","20-Jun-2018 20:30:00","4","5","1","0","admin","07-Jun-2018 11:24:06","There are use cases you run into during the application development which requires you to integrate with a native iOS or Android API or many cases a 3rd party SDK to achieve your requirement. While Kony product always tries to stay current with the underlying OS API set, there’s always a slight delta. Similarly, if you need to enable certain niche features like facial recognition, Remote Deposit cheque, Security related implementations, one always chooses a 3rd party product which helps get this capability. 

During the webinar, we will try to address the following
•    Need for FFI/ NFI
•    Which one to choose, which one is better
•    Sample use cases

Your host and expert for this session is Kony Group Product Manager Abhijeet Anand. If you have questions about FFI vs NFI, post them in the comments below so that we can make sure they get answered during this session. ","Tech Talk: FFI vs NFI","In this webinar, expert Abhijeet Anand is going to discuss native API/ 3rd party SDK integrations with Kony Project.","false","20-Jun-2018 18:30:00"
"admin","07-Jun-2018 12:31:51","21-Jun-2018 17:00:00","2","6","2","0","admin","07-Jun-2018 13:01:29","Students will learn how to develop and deploy apps across multiple channels, including on-device native applications for iOS, Android as well as HTML5-enabled mobile websites. This week focuses on Kony Visualizer to define and design the user interface, and on the fundamental skills for creating, configuring, managing, and maintaining mobile apps using Kony Visualizer and Kony Fabric.

Upon completion of this course, students will be able to start with their Kony Front-end Developer Certified Expert project.

This course will be based on the Kony Platform version 8. Where applicable, the trainer will also discuss how to achieve the same (or very similar results) using version 7.x","Kony Developer Bootcamp","This five-day Bootcamp is designed for developers and provides participants with the knowledge and skills that are required to design and develop engaging cross-platform mobile applications using Kony Visualizer and Kony Fabric. ","false","17-Jun-2018 10:00:00"
"admin","07-Jun-2018 12:38:13","25-Aug-2018 05:30:00","3","7","1","0","admin","07-Jun-2018 12:50:50","This time around you have ample time to bring out your creative side and showcase your talent by building components.  ","Kony Hackathon V8","We are excited to announce Kony’s much awaited event V8 Hackathon","false","11-Aug-2018 10:00:00"
