"CreatedBy","CreatedDateTime","event_id","event_session_id","LastUpdatedBy","LastUpdatedDateTime","session_desc","session_end_date","session_name","session_start_date","SoftDeleteFlag"
"","'30-May-2018 12:33:10","2","1","","'01-Jun-2018 06:23:32","Welcome note and agenda about the All hands","'02-Jun-2018 15:00:00","Welcome Note","'02-Jun-2018 14:30:00","false"
"","'06-Jun-2018 09:14:39","2","2","","'06-Jun-2018 09:14:39","Brief discussion on Quarterly product performance","'02-Jun-2018 15:30:00","Quarterly Product Report","'02-Jun-2018 15:00:00",""
"","'06-Jun-2018 09:14:40","2","3","","'06-Jun-2018 09:14:40","Brief discussion on Quarterly sales highlights","'02-Jun-2018 16:00:00","Quarterly Sales Report","'02-Jun-2018 15:30:00",""
"","'06-Jun-2018 09:14:40","2","4","","'06-Jun-2018 09:14:40","An insight into next Quarter's theme","'02-Jun-2018 16:30:00","Next Quarter Summary","'02-Jun-2018 16:00:00",""
"","'06-Jun-2018 09:15:16","2","5","","'06-Jun-2018 09:15:16","Brief discussion on Quarterly product performance","'02-Jun-2018 15:30:00","Quarterly Product Report","'02-Jun-2018 15:00:00",""
"","'06-Jun-2018 09:15:17","2","6","","'06-Jun-2018 09:15:17","Brief discussion on Quarterly sales highlights","'02-Jun-2018 16:00:00","Quarterly Sales Report","'02-Jun-2018 15:30:00",""
"","'06-Jun-2018 09:15:18","2","7","","'06-Jun-2018 09:15:18","An insight into next Quarter's theme","'02-Jun-2018 16:30:00","Next Quarter Summary","'02-Jun-2018 16:00:00",""
"","'06-Jun-2018 09:25:49","3","8","","'08-Jun-2018 16:22:00","Brief discussion on Quarterly product performance","'21-Jun-2018 15:30:00","Welcome Note ","'21-Jun-2018 15:00:00","false"
"","'06-Jun-2018 09:25:50","3","9","","'08-Jun-2018 16:22:01","Brief discussion on Quarterly product performance","'21-Jun-2018 16:00:00","Quarterly Product Report","'21-Jun-2018 15:30:00","false"
"","'06-Jun-2018 09:25:51","3","10","","'08-Jun-2018 16:22:01","Brief discussion on Quarterly sales highlights","'21-Jun-2018 16:30:00","Quarterly Sales Report","'21-Jun-2018 16:00:00","false"
"","'06-Jun-2018 09:25:52","3","11","","'08-Jun-2018 16:22:01","An insight into next Quarter's theme","'21-Jun-2018 17:00:00","Next Quarter Summary","'21-Jun-2018 16:30:00","false"
"","'06-Jun-2018 09:28:15","3","12","","'08-Jun-2018 16:22:02","Open for discussions","'21-Jun-2018 17:30:00","Question and Answers","'21-Jun-2018 17:00:00","false"
"","'06-Jun-2018 11:06:03","3","13","","'08-Jun-2018 16:22:02","Gather around for a lavish dinner with the colleagues.","'21-Jun-2018 22:00:00","Dinner","'21-Jun-2018 18:00:00","false"
"","'07-Jun-2018 10:56:23","4","14","","'07-Jun-2018 10:56:23","V8 SP2 is packed with features. Join this webinar to learn all about it. ","'13-Jun-2018 20:30:00","V8 SP2 Webinar","'13-Jun-2018 18:30:00",""
"","'07-Jun-2018 11:24:03","5","15","","'07-Jun-2018 11:24:03","This session will introduce NFI and provide an insight into its usage.","'20-Jun-2018 19:00:00","NFI","'20-Jun-2018 18:30:00",""
"","'07-Jun-2018 11:24:04","5","16","","'07-Jun-2018 11:24:04","This session will introduce FFI and provide an insight into its usage.","'20-Jun-2018 19:30:00","FFI","'20-Jun-2018 19:00:00",""
"","'07-Jun-2018 11:24:04","5","17","","'07-Jun-2018 11:24:04","This session will cover the need for NFI/FFI, which one to choose, which one is better and sample use cases.","'20-Jun-2018 20:00:00","FFI vs NFI","'20-Jun-2018 19:30:00",""
"","'07-Jun-2018 11:24:05","5","18","","'07-Jun-2018 11:24:05","This session will cover your posted question during/before webinar.","'20-Jun-2018 20:30:00","Question and Answer","'20-Jun-2018 20:00:00",""
