"CreatedBy","CreatedDateTime","LastUpdatedBy","LastUpdatedDateTime","SoftDeleteFlag","user_id","first_name","last_name","login_mode","mail","profile"
"admin","01-Jun-2018 09:25:05","admin","01-Jun-2018 09:25:05","","1","","","","",""
"admin","01-Jun-2018 11:04:16","admin","01-Jun-2018 11:04:16","","2","","","","",""
"admin","01-Jun-2018 11:06:55","admin","01-Jun-2018 11:06:55","","3","","","","",""
"admin","01-Jun-2018 11:12:47","admin","01-Jun-2018 11:12:47","","4","vignesh","vicky","1","ddd","ds"
"admin","01-Jun-2018 13:03:20","admin","01-Jun-2018 13:03:20","","5","vigneshwaran","karunanithi","1","inboxofvignesh94@gmail.com","https://media.licdn.com/dms/image/C5103AQGJAijuGQ6UDg/profile-displayphoto-shrink_100_100/0?e=1533168000&v=beta&t=RQy8Xu2kfKBlIRHNQLkZLgjbPy1igAvN5raQCdbYAoo"
"admin","07-Jun-2018 11:29:02","admin","07-Jun-2018 11:29:02","","6","Siddhanta","Dash","1","siddhantdash13@gmail.com","https://media.licdn.com/dms/image/C5603AQFP_eWV1Ggfkw/profile-displayphoto-shrink_100_100/0?e=1533772800&v=beta&t=4NsPQsCGnLNonXO_bcJoeS0k7qcSg8EbIB47R3wAx3E"
