"CreatedBy","CreatedDateTime","LastUpdatedBy","LastUpdatedDateTime","SoftDeleteFlag","user_id","first_name","last_name","login_mode","mail","profile"
"","'01-Jun-2018 09:25:05","","'01-Jun-2018 09:25:05","","1","","","","",""
"","'01-Jun-2018 11:04:16","","'01-Jun-2018 11:04:16","","2","","","","",""
"","'01-Jun-2018 11:06:55","","'01-Jun-2018 11:06:55","","3","","","","",""
"","'01-Jun-2018 11:12:47","","'01-Jun-2018 11:12:47","","4","vignesh","vicky","1","ddd","ds"
"","'01-Jun-2018 13:03:20","","'01-Jun-2018 13:03:20","","5","vigneshwaran","karunanithi","1","inboxofvignesh94@gmail.com","https://media.licdn.com/dms/image/C5103AQGJAijuGQ6UDg/profile-displayphoto-shrink_100_100/0?e=1533168000&v=beta&t=RQy8Xu2kfKBlIRHNQLkZLgjbPy1igAvN5raQCdbYAoo"
"","'07-Jun-2018 11:29:02","","'07-Jun-2018 11:29:02","","6","Siddhanta","Dash","1","siddhantdash13@gmail.com","https://media.licdn.com/dms/image/C5603AQFP_eWV1Ggfkw/profile-displayphoto-shrink_100_100/0?e=1533772800&v=beta&t=4NsPQsCGnLNonXO_bcJoeS0k7qcSg8EbIB47R3wAx3E"
