{
  "serviceType" : "integration",
  "jars" : [ {
    "name" : "boxgallery_sample.jar",
    "type" : "servicejar"
  }, {
    "name" : "box-java-sdk-2.13.0.jar",
    "type" : "dependentJar"
  }, {
    "name" : "minimal-json-0.9.1.jar",
    "type" : "dependentJar"
  }, {
    "name" : "bcprov-jdk15on-1.57.jar",
    "type" : "dependentJar"
  }, {
    "name" : "java-json.jar",
    "type" : "dependentJar"
  }, {
    "name" : "slf4j-api-1.7.6.jar",
    "type" : "dependentJar"
  }, {
    "name" : "jose4j-0.4.4.jar",
    "type" : "dependentJar"
  }, {
    "name" : "bcpkix-jdk15on-1.57.jar",
    "type" : "dependentJar"
  }, {
    "name" : "log4j-1.2.14.jar",
    "type" : "dependentJar"
  } ]
}