<?xml version="1.0" encoding="UTF-8" standalone="yes"?>
<service serviceGroup="" cachable="false" cacheduration="" endpoint="default" groupType="" id="sendPushNotification" passwordencrypted="false" security="public" type="jsonConnector" smscode="" smsenabled="false">
    <service-config>
        <config-param api-version="" appid="" name="preprocessorname" value=""/>
        <config-param api-version="" appid="" name="postprocessorname" value=""/>
        <config-param api-version="" appid="" name="preprocessorJS" value=""/>
        <config-param api-version="" appid="" name="postprocessorJS" value=""/>
        <config-param api-version="" appid="" name="kony_http_supported_methods" value="POST"/>
        <config-param api-version="" appid="" name="endpointUrl" value="http://sawin1.konylabs.net:9090/kpns/api/v1/messages/push"/>
        <config-param api-version="" appid="" name="ignorehttpproxy" value="true"/>
        <config-param api-version="" appid="" name="http.method" value="POST"/>
        <config-param api-version="" appid="" name="dataObjectName" value=""/>
        <config-param api-version="" appid="" name="sockettimeout" value=""/>
        <config-param api-version="" appid="" name="responseEncoding" value="UTF-8"/>
        <config-param api-version="" appid="" name="isembedxmlpresent" value="false"/>
        <config-param api-version="" appid="" name="retrycount" value="0"/>
        <config-param api-version="" appid="" name="identityProvider" value="customAccountLogin"/>
        <config-param api-version="" appid="" name="identityProviderType" value="custom"/>
    </service-config>
    <service-input passthrough="false">
        <header datatype="" name="" passthrough="false">
            <param datatype="string" defaultvalue="application/json" description="" encode="false" format="None" formatvalue="" name="Content-Type" order="" sms-name="" src="constant" sourcevalue="application/json" srcformatvalue="" target="" targetdatatype="" testvalue="" value="application/json">
                <accessType></accessType>
            </param>
            <param datatype="string" defaultvalue="" description="" encode="false" format="None" formatvalue="" name="X-Kony-Authorization" order="" sms-name="" src="identity" sourcevalue="customAccountLogin.security.session_token" srcformatvalue="" target="" targetdatatype="" testvalue="" value="">
                <accessType></accessType>
            </param>
        </header>
        <param datatype="string" defaultvalue="" description="" encode="true" format="None" formatvalue="" name="appId" order="" passnull="false" sms-name="" src="request" sourcevalue="" srcformatvalue="" target="request" targetdatatype="java.lang.String" testvalue="a76ee372-dac2-4871-b8e6-6edfdf831f43" value="">
            <accessType></accessType>
        </param>
        <param datatype="string" defaultvalue="" description="" encode="true" format="None" formatvalue="" name="msg" order="" passnull="false" sms-name="" src="request" sourcevalue="" srcformatvalue="" target="request" targetdatatype="java.lang.String" testvalue="sample message" value="">
            <accessType></accessType>
        </param>
        <param datatype="string" defaultvalue="" description="" encode="true" format="None" formatvalue="" name="ksid" order="" passnull="false" sms-name="" src="request" sourcevalue="" srcformatvalue="" target="request" targetdatatype="java.lang.String" testvalue="[{&quot;ksid&quot;:&quot;7443251100266376624&quot;},{&quot;ksid&quot;:&quot;7435094981251620305&quot;}]" value="">
            <accessType></accessType>
        </param>
        <param datatype="string" defaultvalue="" description="" encode="true" format="None" formatvalue="" name="title" order="" passnull="false" sms-name="" src="request" sourcevalue="" srcformatvalue="" target="request" targetdatatype="java.lang.String" testvalue="sample title" value="">
            <accessType></accessType>
        </param>
        <param datatype="string" defaultvalue="" description="" encode="true" format="None" formatvalue="" name="event_id" order="" passnull="false" sms-name="" src="request" sourcevalue="" srcformatvalue="" target="request" targetdatatype="java.lang.String" testvalue="1" value="">
            <accessType></accessType>
        </param>
        <template-param datatype="" defaultvalue="{&#xA;    &quot;messageRequest&quot;: {&#xA;        &quot;appId&quot;: &quot;$appId&quot;,&#xA;        &quot;global&quot;: {},&#xA;        &quot;messages&quot;: {&#xA;            &quot;message&quot;: {&#xA;                &quot;content&quot;: {&#xA;                    &quot;priorityService&quot;: &quot;true&quot;,&#xA;                    &quot;data&quot;: &quot;$msg&quot;,&#xA;                    &quot;mimeType&quot;: &quot;text/plain&quot;&#xA;                },&#xA;                &quot;overrideMessageId&quot;: 0,&#xA;                &quot;expiryTimestamp&quot;: &quot;0&quot;,&#xA;                &quot;subscribers&quot;: {&#xA;                    &quot;subscriber&quot;: $ksid&#xA;                },&#xA;                &quot;platformSpecificProps&quot;: {&#xA;                    &quot;title&quot;: &quot;$title&quot;,&#xA;                    &quot;iphone&quot;: {&#xA;                        &quot;customData&quot;: {&#xA;                            &quot;key&quot;: [&#xA;                                {&#xA;                                    &quot;content&quot;: &quot;$event_id&quot;,&#xA;                                    &quot;name&quot;: &quot;event_id&quot;&#xA;                                }&#xA;                            ]&#xA;                        }&#xA;                    },&#xA;                    &quot;blackberry&quot;: {},&#xA;                    &quot;android&quot;: {&#xA;                        &quot;key&quot;: [&#xA;                            {&#xA;                                &quot;name&quot;: &quot;event_id&quot;,&#xA;                                &quot;value&quot;: &quot;$event_id&quot;&#xA;                            }&#xA;                        ]&#xA;                    },&#xA;                    &quot;jpush&quot;: {},&#xA;                    &quot;windows&quot;: {&#xA;                        &quot;notificationType&quot;: &quot;TOAST&quot;,&#xA;                        &quot;text1&quot;: &quot;Title&quot;,&#xA;                        &quot;params&quot;: {}&#xA;                    },&#xA;                    &quot;wns&quot;: {&#xA;                        &quot;notificationType&quot;: &quot;TOAST&quot;,&#xA;                        &quot;text1&quot;: &quot;Title&quot;,&#xA;                        &quot;params&quot;: {},&#xA;                        &quot;image&quot;: {},&#xA;                        &quot;text&quot;: {}&#xA;                    }&#xA;                },&#xA;                &quot;type&quot;: &quot;PUSH&quot;&#xA;            }&#xA;        }&#xA;    }&#xA;}" description="" encode="false" format="" formatvalue="" name="message" order="" sms-name="" src="" sourcevalue="" srcformatvalue="" target="" targetdatatype="" value="{&#xA;    &quot;messageRequest&quot;: {&#xA;        &quot;appId&quot;: &quot;$appId&quot;,&#xA;        &quot;global&quot;: {},&#xA;        &quot;messages&quot;: {&#xA;            &quot;message&quot;: {&#xA;                &quot;content&quot;: {&#xA;                    &quot;priorityService&quot;: &quot;true&quot;,&#xA;                    &quot;data&quot;: &quot;$msg&quot;,&#xA;                    &quot;mimeType&quot;: &quot;text/plain&quot;&#xA;                },&#xA;                &quot;overrideMessageId&quot;: 0,&#xA;                &quot;expiryTimestamp&quot;: &quot;0&quot;,&#xA;                &quot;subscribers&quot;: {&#xA;                    &quot;subscriber&quot;: $ksid&#xA;                },&#xA;                &quot;platformSpecificProps&quot;: {&#xA;                    &quot;title&quot;: &quot;$title&quot;,&#xA;                    &quot;iphone&quot;: {&#xA;                        &quot;customData&quot;: {&#xA;                            &quot;key&quot;: [&#xA;                                {&#xA;                                    &quot;content&quot;: &quot;$event_id&quot;,&#xA;                                    &quot;name&quot;: &quot;event_id&quot;&#xA;                                }&#xA;                            ]&#xA;                        }&#xA;                    },&#xA;                    &quot;blackberry&quot;: {},&#xA;                    &quot;android&quot;: {&#xA;                        &quot;key&quot;: [&#xA;                            {&#xA;                                &quot;name&quot;: &quot;event_id&quot;,&#xA;                                &quot;value&quot;: &quot;$event_id&quot;&#xA;                            }&#xA;                        ]&#xA;                    },&#xA;                    &quot;jpush&quot;: {},&#xA;                    &quot;windows&quot;: {&#xA;                        &quot;notificationType&quot;: &quot;TOAST&quot;,&#xA;                        &quot;text1&quot;: &quot;Title&quot;,&#xA;                        &quot;params&quot;: {}&#xA;                    },&#xA;                    &quot;wns&quot;: {&#xA;                        &quot;notificationType&quot;: &quot;TOAST&quot;,&#xA;                        &quot;text1&quot;: &quot;Title&quot;,&#xA;                        &quot;params&quot;: {},&#xA;                        &quot;image&quot;: {},&#xA;                        &quot;text&quot;: {}&#xA;                    }&#xA;                },&#xA;                &quot;type&quot;: &quot;PUSH&quot;&#xA;            }&#xA;        }&#xA;    }&#xA;}">
            <accessType></accessType>
        </template-param>
    </service-input>
    <service-output passthrough="false"/>
</service>
